{"cameraMode":{"drawMode":0,"name":"Shaded","section":"Shading Mode"},"sceneLighting":false,"audioPlay":false,"sceneViewState":{"m_AlwaysRefresh":false,"showFog":true,"showSkybox":false,"showFlares":true,"showImageEffects":true,"showParticleSystems":true,"showVisualEffectGraphs":true,"m_FxEnabled":true},"in2DMode":false,"pivot":{"x":3.746724843978882,"y":-19.209861755371095,"z":136.67831420898438},"rotation":{"x":-0.07373534888029099,"y":-0.014052057638764382,"z":0.001007830142043531,"w":-0.9971412420272827},"size":70.71244812011719,"orthographic":false}